"Estabelecimentos","2021","2022","2023","2024"
"Centro de Saúde/unidade básica de Saúde","3","3","3","3"
"Central de regulação de serviços de Saúde","-","-","-","-"
"Clínica/ambulatório especializado","-","-","-","-"
"Consultório isolado","-","-","-","-"
"Cooperativa","-","-","-","-"
"Farmácia","-","-","-","6"
"Hospital especializado","-","-","-","-"
"Hospital geral","-","-","-","-"
"Hospital dia","-","-","-","-"
"Laboratório Central de Saúde Pública - LACEN","-","-","-","-"
"Policlínica","-","-","-","-"
"Posto de Saúde","4","4","6","6"
"Pronto socorro especializado","-","-","-","-"
"Pronto socorro geral","-","-","-","-"
"Secretaria de Saúde","1","1","1","1"
"Unidade de serviço de apoio de diagnose e terapia","1","1","1","2"
"Unidade de Vigilância em Saúde","1","1","1","1"
"Unidade mista","1","1","1","1"
"Unid móvel de nível pré-hosp-urgência/emergência","-","-","-","-"
"Unidade móvel fluvial","1","1","1","1"
"Unidade móvel terrestre","1","1","1","1"
"Outros","19","20","20","20"
"TOTAL","32","33","35","42"
