"Receitas Municipais","2021","2022","2023","2024(*)","2025"
"Receita Corrente","52.753.684","67.097.428","74.410.547","",""
"Receita Tributária","2.521.880","3.969.138","4.806.158","",""
"Impostos","2.228.775","3.600.737","3.666.343","",""
"IPTU","24.797","24.445","23.697","",""
"ISSQN(1)","912.637","1.650.365","1.405.023","",""
"ITBI","15.200","1.851","21.021","",""
"IRRF","1.276.141","1.924.076","2.216.602","",""
"Taxas","82.249","87.049","513.571","",""
"Outras Receitas Próprias","3.591","61.057","75.151","",""
"Receitas Transferidas","50.056.750","62.574.911","69.172.294","",""
