"Ano","Agropecuário","Indústria","Serviços","V.A  (Total)"
"2002","14.081","1.210","22.596","37.887"
"2003","14.143","1.059","25.749","40.951"
"2004","14.378","1.608","29.608","45.594"
"2005","16.114","1.543","35.452","53.109"
"2006","18.902","1.821","40.395","61.118"
"2007","18.283","2.034","49.638","69.954"
"2008","19.571","2.705","55.258","77.534"
"2009","21.696","2.633","64.354","88.684"
"2010","25.585","3.437","71.897","100.919"
"2011","29.806","3.719","84.421","117.945"
"2012","37.242","-155","93.339","130.426"
"2013","45.734","4.637","109.782","160.152"
"2014","45.927","5.785","125.047","176.759"
"2015","49.404","6.702","135.263","191.369"
"2016","46.029","6.428","143.362","195.819"
"2017","50.468","7.037","167.191","224.695"
"2018","46.036","8.596","207.426","262.059"
"2019","48.677","8.627","215.676","272.980"
"2020","61.192","7.171","217.740","286.103"
"2021","79.023","8.427","238.562","326.012"
