"Ano","Internações segundo local de residência","Internações segundo local de internação"
"2000","11.251","11.883"
"2001","7.582","7.977"
"2002","6.095","6.071"
"2003","6.320","6.400"
"2004","6.629","6.524"
"2005","7.287","7.215"
"2006","7.921","7.512"
"2007","7.882","7.417"
"2008","7.221","6.921"
"2009","7.325","7.156"
"2010","7.292","6.931"
"2011","8.784","8.540"
"2012","7.280","6.981"
"2013","8.172","7.854"
"2014","7.977","7.720"
"2015","7.792","7.664"
"2016","7.895","7.672"
"2017","8.221","7.955"
"2018","8.452","8.131"
"2019","8.512","8.411"
"2020","6.448","6.544"
"2021","6.701","6.511"
"2022","6.658","6.370"
"2023","7.985","8.111"
"2024","7.098","7.214"
