"Faixa Etária da Mãe","2014 
3","2015 
1","2016 
-","2017 
-","2018 
2","2019 
-","2020 
1","2021 
3","2022 
-","2023 
1"
"10 a 14 anos","","","","","","","","","",""
"15 a 19 anos","33","26","21","20","26","17","19","16","4","18"
"20 a 24 anos","23","28","30","22","24","27","24","20","21","22"
"25 a 29 anos","12","19","17","27","23","24","20","15","20","12"
"30 a 34 anos","8","7","9","12","14","10","12","16","13","12"
"35 a 39 anos","3","2","3","3","6","6","6","9","6","10"
"40 a 44 anos","-","-","1","3","2","1","1","3","1","1"
"45 a 49 anos","-","-","-","-","-","-","-","-","-","-"
"50 a 54 anos","-","-","-","-","-","-","-","-","-","-"
"55 a 59 anos","-","-","-","-","-","-","-","-","-","-"
"60 a 64 anos","-","-","-","-","-","-","-","-","-","-"
"Idade Ignorada","-","-","-","-","-","-","-","-","-","-"
"TOTAL","82","83","81","87","97","85","83","82","65","76"
