"Tipo","2000(1) 
1","2001 
1","2002 
1","2003 
4","2004 
4","2005 
4","2006 
5","2007 
5","2008 
6","2009 
8","2010 
15","2011 
18","2012 
19","2013 
26"
"Automóvel","","","","","","","","","","","","","",""
"Caminhão","-","-","-","-","-","-","-","-","-","2","3","3","3","3"
"Caminhão-Trator","-","-","-","-","-","-","-","-","-","-","-","-","-","-"
"Caminhonete","1","1","1","1","1","1","1","2","3","3","5","7","7","8"
"Camioneta","-","-","-","-","-","-","-","-","1","2","4","5","5","6"
"Ciclomotor","-","-","-","-","-","-","-","-","-","-","-","-","-","-"
"Micro-ônibus","-","-","1","1","1","1","1","1","1","1","1","2","2","2"
"Motocicleta","1","1","1","1","2","7","14","30","53","72","95","125","175","293"
"Motoneta","-","-","1","1","1","3","3","10","15","21","23","29","36","53"
"Motor-Casa","-","-","-","-","-","-","-","-","-","-","-","-","-","-"
"Ônibus","-","-","-","-","-","-","-","-","1","2","4","7","13","13"
"Quadriciclo","-","-","-","-","-","-","-","-","-","-","-","-","-","-"
"Reboque","-","-","-","-","-","-","-","-","-","-","-","-","-","1"
"Semirreboque","-","-","-","-","-","-","-","-","-","-","-","-","-","-"
"Sidecar","-","-","-","-","-","-","-","-","-","-","-","-","-","-"
"Trator de Rodas","-","-","-","-","-","-","-","-","-","-","-","-","-","-"
"Trator Misto","-","-","-","-","-","-","-","-","-","-","-","-","-","-"
"Triciclo","-","-","-","-","-","-","-","-","-","-","-","-","-","-"
"Utilitário","-","-","-","-","-","-","-","-","-","-","-","-","-","-"
"TOTAL","3","3","5","8","9","16","24","48","80","111","150","196","260","405"
