"Anos","Desflorestamento Acumulado 
(km²)","Incremento (Desflorestamento km²)","Número de Focos de Calor"
"2008","5,61","5,61","108"
"2009","6,15","0,54","84"
"2010","7,67","1,52","55"
"2011","8,65","0,98","80"
"2012","9,20","0,55","74"
"2013","10,43","1,23","49"
"2014","10,63","0,20","53"
"2015","11,30","0,67","57"
"2016","12,14","0,84","50"
"2017","13,05","0,91","53"
"2018","13,49","0,44","23"
"2019","13,74","0,25","21"
"2020","14,49","0,75","27"
"2021","15,41","0,92","21"
"2022","15,90","0,49","40"
"2023","16,25","0,35","33"
"2024","16,57","0,32","38"
