"Estabelecimentos","2006","2007","2008","2009","2010","2011","2012","2013","2014"
"Centro de saúde/unidade básica de saúde","3","3","3","4","3","3","3","3","3"
"Central de regulação de serviços de saúde","-","-","-","-","-","-","-","-","-"
"Clínica/ambulatório especializado","-","-","-","-","-","-","-","-","-"
"Consultório isolado","-","-","-","-","-","-","-","-","-"
"Cooperativa","-","-","-","-","-","-","-","-","-"
"Farmácia","-","-","-","-","-","-","-","-","-"
"Hospital especializado","-","-","-","-","-","-","-","-","-"
"Hospital geral","-","-","-","-","-","-","-","-","-"
"Hospital dia","-","-","-","-","-","-","-","-","-"
"Laboratório Central de Saúde Pública - LACEN","-","-","-","-","-","-","-","-","-"
"Policlínica","-","-","-","-","-","-","-","-","-"
"Posto de saúde","-","-","-","-","4","4","4","4","4"
"Pronto socorro especializado","-","-","-","-","-","-","-","-","-"
"Pronto socorro geral","-","-","-","-","-","-","-","-","-"
"Secretaria de saúde","-","-","-","-","-","1","1","1","1"
"Unidade de serviço de apoio de diagnose e terapia","-","-","-","-","-","-","-","-","-"
"Unidade de vigilância em saúde","-","-","-","-","1","-","-","-","-"
"Unidade mista","-","-","-","-","1","1","1","-","-"
"Unid móvel de nível pré-hosp-urgência/emergência","-","-","-","-","-","-","-","-","-"
"Unidade móvel fluvial","-","-","-","-","-","-","-","-","-"
"Unidade móvel terrestre","-","-","-","-","-","-","-","-","-"
"Outros","-","-","-","-","-","-","-","0","-"
"TOTAL","3","3","3","4","9","9","9","8","8"
