"Anos","Transferência 
do ICMS (1)","Transferência 
do IPI (1)","Transferência do 
IPVA (2)","FUNDEB - ICMS","FUNDEB - IPVA","Total"
"2011","12.342.856,64","421.261,43","205.410,76","3.085.714,17","51.352,67","16.106.595,67"
"2012","13.886.579,51","529.737,25","223.900,53","3.471.644,89","55.975,21","18.167.837,39"
"2013","14.111.753,04","483.793,35","292.456,66","3.527.943,35","73.114,26","18.489.060,66"
"2014","15.044.718,24","470.616,53","290.068,42","3.761.179,57","73.204,18","19.639.786,94"
"2015","14.799.739,94","452.536,61","267.538,49","3.699.934,98","66.884,71","19.286.634,73"
"2016","15.324.620,06","341.195,11","228.237,77","3.831.155,01","57.059,53","19.782.267,48"
"2017","17.024.242,62","414.968,24","278.993,04","4.256.060,65","69.748,35","22.044.012,90"
"2018","19.869.996,23","601.173,42","227.557,15","4.967.499,06","56.889,50","25.723.115,36"
"2019","25.378.338,30","713.033,57","225.940,47","6.344.587,12","56.485,21","32.718.384,67"
"2020","29.607.757,76","720.278,15","242.195,28","7.401.939,44","60.549,01","38.032.719,64"
"2021","33.357.317,49","1.168.566,27","345.447,70","8.339.329,37","86.362,09","43.297.022,92"
"2022","35.255.661,75","1.135.635,34","230.449,07","8.813.915,44","57.348,59","45.493.010,19"
"2023","33.265.908,29","748.755,98","260.412,37","8.316.477,07","65.103,25","42.656.656,96"
"2024","38.227.779,30","833.489,32","218.009,26","9.556.944,82","54.502,43","48.890.725,13"
