"Causas","2000","2001","2002","2003","2004","2005","2006","2007","2008","2009","2010","2011","2012","2013"
"Sistema Nervoso","-","-","-","-","-","-","1","4","3","-","-","1","-",""
"Aparelho Circulatório","5","5","2","6","8","11","20","48","29","26","31","64  
45","2",""
"Aparelho Respiratório","4","6","6","5","4","9","10","9","7","9","9","25  
8","39",""
"Aparelho Digestivo","2","1","2","1","1","2","6","5","5","5","6","7  
4","6",""
"TranstMentais e Comportamentais","-","-","-","-","-","-","-","-","-","-","-","","-    
8",""
"Causas Exter Morbidad e Mortalidade","3","3","3","2","3","5","-","7","7","2","12","18  
10","1",""
"Gravidez, Parto e Puerpério","1","1","1","1","1","-","-","-","2","2","2","","-    
1",""
"Aparelho Geniturinário","1","1","-","1","1","-","-","5","2","-","3","2","-    
11",""
"TOTAL","16","17","14","16","18","27","37","78","55","44","63","115  
70","68",""
