"Anos","População (Hab.)","Área (km²)","Densidade (Hab./km²)"
"2000","49.655","7.880,20","6,27"
"2001(1)","52.212","7.880,20","6,63"
"2002(1)","54.088","7.880,20","6,86"
"2003(1)","56.146","7.880,20","7,12"
"2004(1)","60.814","7.880,20","7,72"
"2005(1)","62.856","7.880,20","7,98"
"2006(1)","65.229","7.880,20","8,28"
"2007","42.002","7.880,20","5,33"
"2008(1)","42.332","7.880,20","5,37"
"2009(1)","41.541","7.880,20","5.27"
"2010","51.220","7.880,08","6,50"
"2011(1)","51.340","7.880,08","6.52"
"2012(1)","51.457","7.880,10","6,53"
"2013(1)","51.711","7.880,10","6,56"
"2014(1)","51.743","7.880,20","6,57"
"2015(1)","51.775","7.880,20","6,57"
"2016(1)","51.806","7.880,11","6,57"
"2017(1)","51.835","7.880,11","6,58"
"2018(1)","53.182","7.880,11","6,75"
"2019(1)","53.269","7.880,11","6,76"
"2020(1)","53.355","7.880,11","6,77"
"2021(1)","53.439","7.880,11","6,78"
"2022","49.754","7.880,11","6,31"
"2023(2)","52.587","7.880,30","6,67"
"2024(1)","52.187","7.880,30","6,62"
