"Esfera","2015","2016","2017","2018","2019","2020"
"Médico","7","8","13","12","8","9"
"Odontólogo","4","3","5","6","10","12"
"Enfermeiro","12","12","20","23","21","32"
"Fisioterapeuta","2","2","2","2","3","3"
"Fonoaudiólogo","-","-","-","-","-","-"
"Nutricionista","-","1","1","1","2","2"
"Farmacêutico","1","1","-","-","1","-"
"Assistente Social","2","2","3","2","3","6"
"Psicólogo","1","1","1","2","2","3"
"Auxiliar de Enfermagem","10","11","10","10","11","10"
"Técnico de Enfermagem","23","28","16","19","16","39"
"TOTAL","62","69","71","77","77","116"
