"Causas","2014","2015","2016","2017","2018","2019","2020","2021","2022","2023"
"Sistema Nervoso","-","3","1","3","6","1","3","3","-","3"
"Aparelho Circulatório","16","22","27","20","40","32","30","38","27","18"
"Aparelho Respiratório","5","1","5","9","8","10","10","10","6","19"
"Aparelho Digestivo","2","1","4","4","6","1","4","5","1","3"
"TranstMentais e Comportamentais","-","-","-","1","-","1","-","1","-","-"
"Causas Exter Morbidad e Mortalidade","15","11","1","13","13","13","18","8","18","18"
"Gravidez, Parto e Puerpério","-","-","-","-","2","-","1","-","-","1"
"Aparelho Geniturinário","-","2","4","1","-","2","1","-","3","5"
"TOTAL","38","40","42","51","75","60","67","65","55","67"
