"Serviços/Bens Duráveis","2000","","2010",""
"","Nº de Domicílios","%","Nº de Domicílios","%"
"Total de Domicílios","4.699","","5.808",""
"Geladeira","1.178","25,07","4.836","83,26"
"Máquina de lavar roupa","253","5,38","688","11,85"
"Aparelho de ar-condicionado","38","0,81","-","-"
"Rádio","3.511","74,72","4.282","73,73"
"Televisão","1.218","25,92","4.999","86,07"
"Microcomputador","33","0,70","335","5,77"
"Microcomputador com acesso à internet","-","-","89","1,53"
"Automóvel para uso particular","466","9,92","596","10,26"
"Telefone fixo","33","0,70","188","3,24"
