"Receitas Municipais","2005","2006","2007","2008","2009","2010"
"Receita Corrente","50.258.201","55.420.510","68.080.808","86.076.956","96.577.550","104.491.828"
"Receita Tributária","1.761.176","2.015.173","1.824.308","2.359.291","2.077.552","2.684.733"
"Impostos","1.299.805","1.909.148","1.748.907","2.249.285","1.632.902","2.392.523"
"IPTU","36.352","29.370","65.992","64.489","137.697","154.559"
"ISSQN(1)","711.999","1.512.277","918.677","1.165.517","875.863","1.022.861"
"ITBI","68.256","30.536","95.406","125.958","151.140","291.408"
"IRRF","483.199","336.966","668.833","893.321","468.202","923.695"
"Taxas","461.372","106.025","75.401","110.006","444.650","292.210"
"Outras Receitas Próprias","116.258","98.085","290.488","145.893","5.022","57.918"
"Receitas Transferidas","47.177.672","50.896.558","62.657.594","82.729.254","86.988.431","97.752.978"
