"Anos/Classe","Consumidores","Consumo (kW/h)"
"2018","",""
"Residencial","1.550","2.560.418"
"Comercial","121","517.787"
"Industrial","6","113.614"
"Outros","260","1.774.929"
"Total","1.937","4.966.748"
"2019","",""
"Residencial","1.600","2.816.249"
"Comercial","118","613.178"
"Industrial","7","83.561"
"Outros","349","1.873.580"
"Total","2.074","5.386.568"
"2020","",""
"Residencial","1.656","3.239.717"
"Comercial","123","632.036"
"Industrial","6","79.730"
"Outros","714","2.231.264"
"Total","2.499","6.182.747"
"2021","",""
"Residencial","1.762","3.770.136"
"Comercial","126","662.743"
"Industrial","5","71.952"
"Outros","815","2.730.537"
"Total","2.708","7.235.369"
"2022","",""
"Residencial","2.065","3.991.042"
"Comercial","120","580.659"
"Industrial","6","98.443"
"Outros","787","2.791.797"
"Total","2.978","7.461.941"
"2023","",""
"Residencial","2.139","4.289.197"
"Comercial","215","601.223"
"Industrial","6","191.008"
"Outros","1.210","3.250.759"
"Total","3.570","8.332.188"
