"Produtos","Área Colhida (ha)","","","","Quantidade Produzida (t)","","","","Valor (mil reais)","","",""
"","2001","2002","2003","2004","2001","2002","2003","2004","2001","2002","2003","2004"
"Arroz (em casca)","18","10","370","440","18","10","1.420","1.383","5","4","497","761"
"Batata-Doce","2","1","-","-","6","5","-","-","1","3","-","-"
"Feijão (em grão)","40","60","60","60","20","30","30","30","20","45","45","36"
"Fumo (em folha)","2","2","2","2","1","1","1","1","4","5","4","3"
"Juta (fibra)","10","20","100","150","10","20","100","150","5","14","80","128"
"Malva (fibra)","-","1","5","5","-","1","5","5","-","1","4","4"
"Mandioca","1.700","1.700","1.700","1.900","1.700","17.000","17.000","19.000","1.530","1.700","2.040","2.280"
"Melancia","-","20","15","15","-","200","150","150","-","60","60","60"
"Melão","-","5","5","5","-","35","35","35","-","11","11","11"
"Milho (em grão)","250","250","250","465","300","300","300","1.152","39","84","120","461"
"Soja (em grão)","-","-","400","400","-","-","1.200","1.200","-","-","768","480"
"Tomate","-","5","5","6","-","27","27","36","-","24","14","18"
