"Esfera","2006","2007","2008","2009","2010","2011","2012","2013","2014"
"POR NATUREZA","","","","","","","","",""
"Administração Dir.Saúde","47","58","62","68","69","61","61","63","78"
"Administração Dir.Outros","-","-","-","-","-","-","-","","-"
"Autarquias","-","-","-","-","-","-","-","","-"
"Fundação Pública","-","-","-","-","-","-","-","","-"
"Org.Soc.Pública","-","-","-","-","-","-","-","","-"
"Empresa Privada","-","-","-","-","-","-","-","","-"
"Fundação Privada","-","-","-","-","-","-","-","","-"
"Cooperativa","-","-","-","-","-","-","-","","-"
"S.Soc.Autônomo","-","-","-","-","-","-","-","","-"
"Entidade S/fins Lucrativos","-","-","-","-","-","-","-","","-"
"Sindicato","-","-","-","-","-","-","-","","-"
"POR ESFERA ADMINISTRATIVA","","","","","","","","",""
"Federal","-","-","-","-","-","-","-","","-"
"Estadual","-","-","-","-","-","-","-","","-"
"Municipal","47","58","62","68","69","61","61","63","78"
"Privada","-","-","-","-","-","-","-","","-"
