"Peso","2014","2015","2016","2017","2018","2019","2020","2021","2022","2023"
"Menos de 500g","2","4","4","4","1","17","2","5","-","3"
"500 a 999g","14","19","13","11","13","17","15","18","12","11"
"1.000 a 1.499g","2","15","12","17","15","14","17","13","25","15"
"1.500 a 2.499g","142","152","136","158","154","149","164","162","168","169"
"2.500 a 2.999g","479","513","514","480","533","521","545","527","569","514"
"3.000 a 3.999g","1.363","1.296","1.363","1.382","1.435","1.442","1.411","1.418","1.349","1.339"
"4.000 e mais","103","99","106","102","123","134","117","127","86","104"
"Ignorado","-","-","-","-","-","-","-","-","1","1"
"TOTAL","2.105","2.098","2.148","2.154","2.274","2.294","2.271","2.270","2.210","2.156"
