"Características","Hospitais","","","","","Leitos","","","",""
"","2006","2007","2008","2009","2010","2006","2007","2008","2009","2010"
"POR NATUREZA","","","","","","","","","",""
"Administr  Direta da Saúde (MS, SES e SMS)","1","1","1","1","1","85","91","46","54","54"
"Adm Direta outros órgãos (MEX, MEx, Marinha)","-","-","-","-","-","-","-","-","-","-"
"Adm Indireta – Autarquias","-","-","-","-","-","-","-","-","-","-"
"Adm Indireta - Fundação Pública","-","-","-","-","-","-","-","-","-","-"
"Org. Social Pública","-","-","-","-","-","-","-","-","-","-"
"Empresa Privada","-","-","-","-","-","-","-","-","-","-"
"Fundação Privada","-","-","-","-","-","-","-","-","-","-"
"Entidade Beneficente sem fins lucrativos","-","-","-","-","-","-","-","-","-","-"
"POR ESFERA ADMINSTRATIVA","","","","","","","","","",""
"Federal","-","-","-","-","-","-","-","-","-","-"
"Estadual","-","-","-","-","-","-","-","-","-","-"
"Municipal","1","1","1","1","1","85","91","46","54","54"
"Privada","-","-","-","-","-","-","-","-","-","-"
