"Anos","Ensino Fundamental","","","","Ensino Médio","","",""
"","Dependência Administrativa","","","","Dependência Administrativa","","",""
"","Federal","Estadual","Municipal","Privado","Federal","Estadual","Municipal","Privado"
"2014","","","","","","","",""
"Aprovação","-","-","89,2","97,0","-","63,8","-","90,8"
"Reprovação","-","-","5,3","2,7","-","14,6","-","9,2"
"Abandono","-","-","5,5","0,3","-","21,6","-","-"
"2015","","","","","","","",""
"Aprovação","-","-","86,3","92,7","-","64,9","-","92,8"
"Reprovação","-","-","6,9","4,4","-","10,4","-","6,5"
"Abandono","-","-","6,8","2,9","-","24,7","-","0,7"
"2016","","","","","","","",""
"Aprovação","-","-","87,2","97,9","-","73,4","-","93,3"
"Reprovação","-","-","4,9","1,0","-","5,3","-","1,9"
"Abandono","-","-","7,9","1,1","-","21,3","-","4,8"
"2017","","","","","","","",""
"Aprovação","-","-","88,0","98,0","-","81,6","-","88,6"
"Reprovação","-","-","7,7","1,7","-","4,6","-","6,0"
"Abandono","-","-","4,3","0,3","-","13,8","-","5,4"
"2018","","","","","","","",""
"Aprovação","-","-","90,2","97,2","-","78,2","-","89,1"
"Reprovação","-","-","6,1","2,4","-","6,2","-","1,1"
"Abandono","-","-","3,7","0,4","-","15,6","-","9,8"
"2019","","","","","","","",""
"Aprovação","-","-","91,5","99,4","-","79,0","-","90,7"
"Reprovação","-","-","6,3","0,6","-","9,1","-","1,6"
"Abandono","-","-","2,2","-","-","11,9","-","7,7"
"2020","","","","","","","",""
"Aprovação","-","-","96,5","93,4","-","99,7","-","87,2"
"Reprovação","-","-","0,6","0,5","-","-","-","-"
"Abandono","-","-","2,9","6,1","-","0,3","-","12,8"
"2021","","","","","","","",""
"Aprovação","-","-","97,0","97,6","-","56,6","-","93,7"
"Reprovação","-","-","0,9","2,4","-","5,4","-","2,7"
"Abandono","-","-","2,1","-","-","38,0","-","3,6"
"2022","","","","","","","",""
"Aprovação","-","-","91,5","97,7","-","75,5","-","95,2"
"Reprovação","-","-","5,2","1,4","-","4,0","-","3,6"
"Abandono","-","-","3,3","0,9","-","20,5","-","1,2"
"2023","","","","","","","",""
"Aprovação","-","-","95,1","99,0","-","99,1","-","94,7"
"Reprovação","-","-","3,6","0,5","-","0,9","-","1,3"
"Abandono","-","-","1,3","0,5","-","0,0","-","4,0"
