"Produtos","Quantidade Produzida (t)","","","","","Valor (mil reais)","","","",""
"","1997","1998","1999","2000","2001","1997","1998","1999","2000","2001"
"ALIMENTÍCIOS","","","","","","","","","",""
"Castanha-do-Pará","28","-","30","27","23","17","-","26","27","32"
"MADEIRAS","","","","","","","","","",""
"Carvão Vegetal","18","1.331","20","24","25","2","292","1","2","3"
"Lenha (m3)","2.000","2.000","2.000","2.200","2.000","3","3","2","2","20"
"Madeira em Tora (m3)","3.000","3.000","5.000","6.000","7.000","30","36","95","120","175"
"OLEAGINOSOS","","","","","","","","","",""
"Babaçu (amêndoa)","3","3","3","3","3","1","1","1","1","1"
