"Posição na Ocupação no Trabalho","1991","","2000","","2010",""
"","POC","%","POC","%","POC","%"
"Total POC","-","-","7.553","-","10.025","-"
"Empregados","1.840","18,89","1.781","23,68","2.792","27,85"
"Com carteira de trabalho assinada (1)","-","-","278","15,61","536","19,20"
"Militares e funcionários públicos estatutários","-","-","285","16,00","433","15,51"
"Outros sem carteira de trabalho assinada (2)","-","-","1.218","68,39","1.823","65,29"
"Empregadores","58","0,60","8","0,11","69","0,69"
"Conta própria","3.778","38,79","3.711","49,13","3.766","37,57"
"Não remunerados em ajuda a membro do domicílio","4.065","41,74","1.398","18,51","512","5,11"
"Trabalhadores na produção para o próprio consumo","-","-","655","8,67","2.887","28,80"
