"Características","2000","","2010","","2022",""
"","População","%","População","%","População","%"
"Cor ou Raça","","","","","",""
"Branca","11.038","31,88","22.846","25,01","12.033","18,39"
"Preta","3.445","9,95","11.018","12,06","6.152","9,40"
"Amarela","9","0,03","1.329","1,46","72","0,11"
"Parda","18.735","54,11","54.853","60,05","44.722","68,36"
"Indígena","1.037","3,00","1.294","1,42","2.439","3,73"
"Sem Declaração","358","1,03","-","0,00","0","-"
"Religião (1)","","","","","",""
"Católica apostólica romana","21.827","63,05","-","-","",""
"Evangélicas","8.534","24,65","-","-","",""
"Espírita","27","0,08","-","-","",""
"Umbanda e Candomblé","-","-","-","-","",""
"Judaica","-","-","-","-","",""
"Religiões Orientais","-","-","-","-","",""
"Outras Religiosidades","615","1,78","-","-","",""
"Sem Religião","3.460","9,99","-","-","",""
"Não Determinadas","77","0,22","-","-","",""
"Estado Civil","","","","","",""
"Casado(a)","8.660","34,21","23.583","31,88","",""
"Desquitado(a) ou separado(a) judicialmente","192","0,76","393","0,53","",""
"Divorciado(a)","97","0,38","810","1,09","",""
"Viúvo(a)","498","1,97","1.270","1,72","",""
"Solteiro(a)","15.867","62,68","47.924","64,78","",""
"Anos de Estudos (2)","","","","","",""
"Sem Instrução e menos de 1 ano","5.867","23,18","-","-","",""
"1 a 3 anos","8.505","33,60","-","-","",""
"4 a 7 anos","8.093","31,97","-","-","",""
"8 a 10 anos","1.735","6,85","-","-","",""
"11 a 14 anos","822","3,25","-","-","",""
"15 anos ou mais","22","0,09","-","-","",""
"Não determinados","270","1,07","-","-","",""
"Tipo de Deficiência (3 e 4)","","","","","",""
"Pelo menos uma das deficiências enumeradas","3.096","8,94","-","-","",""
"Deficiência mental permanente","287","0,83","-","-","",""
"Deficiência Física","104","0,30","-","-","",""
"Tetraplegia, paraplegia ou hemiplegia permanente.","96","92,31","-","-","",""
"Falta de membro ou de parte dele (5)","8","7,69","-","-","",""
"Incapaz, com alguma ou grande dificuldade permanente de  
enxergar.","2.580","7,45","-","-","",""
"Incapaz, com alguma ou grande dificuldade permanente de  
ouvir","485","1,40","-","-","",""
"Incapaz, com alguma ou grande dificuldade permanente de  
caminhar ou subir escadas","507","1,46","-","-","",""
"Nenhuma destas deficiências (6)","30.872","89,17","-","-","",""
