"Produtos","Área Colhida (ha)","","","Quant. Produzida (t)","","","Valor (mil reais)","",""
"","2022","2023","2024","2022","2023","2024","2022","2023","2024"
"Açaí (fruto)","1.029","1.044","","5.112","5.709","","25.242","24.752",""
"Banana (cacho)","890","534","","6.766","4.005","","13.532","11.382",""
"Cacau (em amêndoa)","589","589","","295","295","","2.950","2.950",""
"Coco-da-baía*","49","49","","245","245","","196","140",""
"Goiaba","-","-","","-","-","","-","-",""
"Laranja","170","170","","4.165","3.124","","3.957","3.124",""
"Limão","350","350","","8.750","6.571","","10.500","9.857",""
"Mamão","19","15","","266","120","","339","420",""
"Maracujá","10","10","","110","95","","406","665",""
