"SETOR DE ATIVIDADE","2014","2015","2016","2017","2018","2019","2020","2021","2022","2023"
"Extrativa Mineral","-","-","-","5","1","1","-","1","1","-"
"Indústria de Transformação","208","245","303","310","353","317","308","387","327","300"
"Serviços Indust Utilidade Pública","14","18","9","12","12","11","11","11","9","8"
"Construção Civil","1","2","2","3","10","18","30","10","17","36"
"Comércio","340","344","329","396","386","358","371","447","575","536"
"Serviços","180","191","146","162","279","183","222","258","314","452"
"Administração Pública","1.077","1.114","1.049","781","973","1.133","573","963","891","918"
"Agropecuária","73","82","76","71","62","50","65","64","87","74"
"Outros / Ignorados","-","-","-","-","-","-","-","-","-","-"
"TOTAL","1.893","1.996","1.914","1.740","2.076","2.071","1.580","2.141","2.221","2.324"
