"Anos/Etapas","Matrícula","","","",""
"","Federal","Estadual","Municipal","Particular","Total"
"2013","","","","",""
"Pré-Escolar","-","14","7.170","3.093","10.277"
"Ensino Fundamental","-","33.057","27.406","14.299","74.762"
"Ensino Médio","-","17.076","-","4.183","21.259"
"2014","","","","",""
"Pré-Escolar","-","36","5.491","2.765","8.292"
"Ensino Fundamental","-","30.663","28.318","14.484","73.465"
"Ensino Médio","-","18.856","-","4.532","21.388"
"2015","","","","",""
"Pré-Escolar","-","-","5.141","2.716","7.857"
"Ensino Fundamental","-","29.392","27.803","14.588","71.783"
"Ensino Médio","-","16.884","-","4.488","21.372"
"2016","","","","",""
"Pré-Escolar","-","-","5.315","2.865","8.180"
"Ensino Fundamental","-","28.851","27.868","15.793","72.512"
"Ensino Médio","-","17.280","-","4.884","22.164"
"2017","","","","",""
"Pré-Escolar","-","-","5.373","2.578","7.951"
"Ensino Fundamental","-","27.678","27.442","14.415","69.535"
"Ensino Médio","-","17.594","-","4.621","22.215"
"2018","","","","",""
"Pré-Escolar","-","-","5.444","2.801","8.245"
"Ensino Fundamental","-","27.593","26.668","15.172","69.433"
"Ensino Médio","31","17.770","-","4.045","21.846"
"2019","","","","",""
"Pré-Escolar","-","-","5.603","2.938","8.541"
"Ensino Fundamental","-","26.253","26.005","15.847","68.105"
"Ensino Médio","102","17.592","-","3.937","21.631"
"2020","","","","",""
"Pré-Escolar","-","-","5.851","2.404","8.255"
"Ensino Fundamental","-","24.388","26.303","14.677","65.368"
"Ensino Médio","138","17.254","-","3.618","21.010"
"2021","","","","",""
"Pré-Escolar","-","-","6.137","1.987","8.124"
"Ensino Fundamental","-","23.176","26.735","13.779","63.690"
"Ensino Médio","183","18.462","-","3.424","22.069"
"2022","","","","",""
"Pré-Escolar","-","-","6.285","2.057","8.342"
"Ensino Fundamental","-","21.770","27.912","14.063","63.745"
"Ensino Médio","198","17.194","-","3.354","20.746"
"2023","","","","",""
"Pré-Escolar","-","-","6.612","2.260","8.872"
"Ensino Fundamental","-","19.787","28.342","14.041","62.170"
"Ensino Médio","205","14.679","-","3.650","18.534"
