"Peso","2000 
-","2001 
-","2002 
-","2003 
1","2004 
-","2005 
-","2006 
1","2007 
-","2008 
-","2009","2010 
                    -","2011 
-","2012 
1","2013 
2"
"Menos de 500g","","","","","","","","","","","","","",""
"500 a 999g","-","-","-","-","-","1","1","-","-","","-","-","-","-"
"1.000 a 1.499g","1","-","1","1","-","3","-","-","-","-","1","-","-","1"
"1.500 a 2.499g","5","8","3","10","6","5","9","3","6","3","9","11","9","10"
"2.500 a 2.999g","19","27","48","30","41","30","40","16","29","29","26","21","27","31"
"3.000 a 3.999g","74","107","93","102","104","161","148","48","83","99","102","125","101","86"
"4.000 e mais","13","5","12","8","8","19","12","7","9","9","11","11","9","6"
"Ignorado","1","-","3","-","-","-","-","-","1","","-","-","-","1"
"TOTAL","113","147","160","152","159","219","211","74","128","140","149","168","147","137"
