"Anos/Classe","Consumidores","Consumo(kW/h)"
"2000","",""
"Residencial","36.933","69.557.219"
"Comercial","3.625","33.348.826"
"Industrial","121","21.654.971"
"Outros","469","40.263.357"
"Total","41.148","164.824.373"
"2001","",""
"Residencial","38.730","64.979.927"
"Comercial","4.070","30.315.434"
"Industrial","127","21.519.149"
"Outros","455","37.347.857"
"Total","43.382","154.162.367"
"2002","",""
"Residencial","42.064","68.721.971"
"Comercial","4.351","33.352.409"
"Industrial","142","24.382.980"
"Outros","451","38.327.161"
"Total","47.008","164.784.521"
"2003","",""
"Residencial","43.007","73.161.234"
"Comercial","4.566","39.024.094"
"Industrial","141","28.633.884"
"Outros","465","41.333.568"
"Total","48.179","182.152.780"
"2004","",""
"Residencial","43.813","75.960.021"
"Industrial","142","29.822.844"
"Comercial","4.665","41.864.097"
"Outros","543","42.245.446"
"Total","49.163","189.892.408"
"2005","",""
"Residencial","45.108","79.528.293"
"Industrial","134","31.271.941"
"Comercial","4.787","44.761.331"
"Outros","607","42.237.323"
"Total","50.636","197.798.888"
"2006","",""
"Residencial","45.905","79.579.764"
"Comercial","4.910","44.914.797"
"Industrial","138","30.721.654"
"Outros","961","45.001.525"
"Total","51.914","200.217.740"
"2007","",""
"Residencial","47.593","86.300.015"
"Comercial","5.434","50.317.524"
"Industrial","146","34.974.789"
"Outros","1.497","44.490.464"
"Total","54.670","216.082.792"
"2008","",""
"Residencial","49.960","92.067.348"
"Comercial","5.681","55.271.784"
"Industrial","140","31.737.532"
"Outros","2.247","45.889.619"
"Total","58.028","224.966.283"
